title,url
EDI for Providers | Anthem,https://www.anthembluecross.com/provider/edi/
Empire Dental Provider Savings Program,https://www.anthembluecross.com/docs/public/inline/ADPSP_EMPBCBS_Brochure.pdf
Dental Dispatch,https://www.anthembluecross.com/docs/public/inline/DEN-041481-23-NY.pdf
"Empire BlueCross and Empire BlueCross BlueShield Expands Virtual Primary Care, Providing Members Increased Access to Affordable, Convenient Care",https://www.anthembluecross.com/press/newyork/virtualprimarycare2022/
EmpireBCBS_Dental_Claims_Webinar.pdf,https://www.anthembluecross.com/docs/public/inline/Dental-Claim-Webinar-NY.pdf
Empire BlueCross and Empire BlueCross BlueShield Increase Access to Whole-Health Benefits in Medicare Advantage Plans to Meet Members’ Unique Healthcare Needs,https://www.anthembluecross.com/press/newyork/medicare-aep-2021/
ANT_EmpireBCBS_Summer2021_Newsletter_05.pdf,https://www.anthembluecross.com/docs/public/inline/P_DENT_7021-EBCBS.pdf
Winter 2022 Vol.16 Dental Dispatch News and information for network providers,https://www.anthembluecross.com/docs/public/inline/EmpireBCBS_Dental_FallWinter_2022_Newsletter.pdf
ANT.112.21_EmpireBCBS_Patient_Health_Record_FAQ.pdf,https://www.anthembluecross.com/docs/public/inline/ANT.112.21_EBCBS.pdf
"Empire BlueCross BlueShield Joins Crain's New York Business for the 3rd Year to Name 25 ""Whole Health Heroes""",https://www.anthembluecross.com/press/newyork/empire-whole-health-heroes-2022/
119.21_EMPBCBS_Availity_Flyer.pdf,https://www.anthembluecross.com/docs/public/inline/EMPBCBS_Availity_Flyer.pdf
Empire BlueCross BlueShield Joins Crain's New York Business for the 4th Year to Name 25 Whole Health Heroes,https://www.anthembluecross.com/press/newyork/empire-joins-crains-new-york-business-to-name-whole-health-heroes/
Access Patient Health Records in a Click,https://www.anthembluecross.com/docs/public/inline/ANT.113.21_EBCBS.pdf
Provider Manual,https://www.anthembluecross.com/docs/PM_NY_000011_ABC.pdf
Dental Dispatch News and Information for Network Providers,https://www.anthembluecross.com/docs/public/inline/P_DENT_Winter-EBCBS.pdf
Summer 2022 Vol.15 Dental Dispatch News and information for network providers,https://www.anthembluecross.com/docs/public/inline/EMP-116-22.pdf
Dental Office Claims Submission Requirements Quick Reference Guide,https://www.anthembluecross.com/docs/public/inline/ANT_EmpireBCBS_2023.pdf
Dental Dispatch News And Information For Net Work Providers,https://www.anthembluecross.com/docs/public/inline/P_DENT_003.pdf
EXHIBIT 13b: NARRATIVE SUMMARY ,https://www.anthembluecross.com/content/dam/digital/docs/microsites/prior-approval/2023-empire-healthchoice-assurance-inc.pdf
Empire BlueCross ,https://www.anthembluecross.com/content/dam/digital/docs/microsites/prior-approval/2024-upstate-ny-small-group-product.pdf
"Empire BlueCross BlueShield PENN 1, New York, New York 10119 35th Floor empireblue.com ",https://www.anthembluecross.com/content/dam/digital/docs/microsites/prior-approval/2024-downstate-ny-small-group-product.pdf
"Services provided by Empire HealthChoice Assurance, Inc. licensee of the Blue Cross and Blue Shield Association, an association of independent Blue Cross and Blue Shield plans. ",https://www.anthembluecross.com/content/dam/digital/docs/microsites/prior-approval/2023-downstate-ny-small-group-product.pdf
"Services provided by Empire HealthChoice Assurance, Inc. licensee of the Blue Cross and Blue Shield Association, an association of independent Blue Cross and Blue Shield plans. ",https://www.anthembluecross.com/content/dam/digital/docs/microsites/prior-approval/2023-upstate-ny-small-group-product.pdf
Prior Approval,https://www.anthembluecross.com/mcr/priorapproval
Date,https://www.anthembluecross.com/content/dam/digital/docs/microsites/rate-filing/06528_NYMENEBC_NY_LTR_NOF_050223_FINAL.pdf
Date,https://www.anthembluecross.com/content/dam/digital/docs/microsites/rate-filing/06528_NYMENEBS_NY_LTR_NOF_050223_FINAL.pdf
Date,https://www.anthembluecross.com/content/dam/digital/docs/microsites/rate-filing/06442_NYMENMUB_NY_LTR_NOF_042522_BCBS_Final.pdf
Date,https://www.anthembluecross.com/content/dam/digital/docs/microsites/rate-filing/06442_NYMENMUB_NY_LTR_NOF_042522_BC_Final.pdf
1 of 3 ,https://www.anthembluecross.com/content/dam/digital/docs/microsites/rate-filing/EBC-Std-Filing-Narrative-July2023-DOFS.pdf
1 of 3 ,https://www.anthembluecross.com/content/dam/digital/docs/microsites/rate-filing/EBS-Std-Filing-Narrative-July-2023-DOFS.pdf
1 of 3 ,https://www.anthembluecross.com/content/dam/digital/docs/microsites/rate-filing/EBC%20NY%20Std%20Narrative%202024.pdf
1 of 3 ,https://www.anthembluecross.com/content/dam/digital/docs/microsites/rate-filing/EBCBS%20NY%20Std%20Narrative%202024.pdf
1 of 3 ,https://www.anthembluecross.com/content/dam/digital/docs/microsites/rate-filing/EBC-NY-Mod-Filing-Narrative-July2023-DOFS.pdf
1 of 3 ,https://www.anthembluecross.com/content/dam/digital/docs/microsites/rate-filing/EBS-NY-Mod-Filing-Narrative-July2023-DOFS.pdf
1 of 3 ,https://www.anthembluecross.com/content/dam/digital/docs/microsites/rate-filing/EBC%20NY%20Mod%20Narrative%202024.pdf
1 of 3 ,https://www.anthembluecross.com/content/dam/digital/docs/microsites/rate-filing/EBCBS%20NY%20Mod%20Narrative%202024.pdf
Changes to Medicare Deductibles and Coinsurance,https://www.anthembluecross.com/content/dam/digital/docs/microsites/rate-filing/EBS-NY-PreNotice-2023.pdf
Changes to Medicare Deductibles and Coinsurance,https://www.anthembluecross.com/content/dam/digital/docs/microsites/rate-filing/EBC-NY-PreNotice2023.pdf
Changes to Medicare Deductibles and Coinsurance,https://www.anthembluecross.com/content/dam/digital/docs/microsites/rate-filing/EBCBS%20NY%202024%20Proposed%20Rate%20Notice.pdf
Changes to Medicare Deductibles and Coinsurance,https://www.anthembluecross.com/content/dam/digital/docs/microsites/rate-filing/EBC%20NY%202024%20Proposed%20Rate%20Notice.pdf
Frequently Asked Questions | Anthem,https://www.anthembluecross.com/faq
Frequently Asked Questions | Anthem,https://www.anthembluecross.com/faq#Support
Frequently Asked Questions | Anthem,https://www.anthembluecross.com/faq#Resources
Frequently Asked Questions | Anthem,https://www.anthembluecross.com/faq#Communications
Frequently Asked Questions | Anthem,https://www.anthembluecross.com/faq#Medicare
Frequently Asked Questions | Anthem,https://www.anthembluecross.com/faq#MedicaidPlans
Frequently Asked Questions | Anthem,https://www.anthembluecross.com/faq#Claims
Frequently Asked Questions | Anthem,https://www.anthembluecross.com/faq#PatientCare
Frequently Asked Questions | Anthem,https://www.anthembluecross.com/faq#IndividualFamily
Frequently Asked Questions | Anthem,https://www.anthembluecross.com/faq#UsingYourAnthemPlan
Frequently Asked Questions | Anthem,https://www.anthembluecross.com/faq#ProviderResources
Frequently Asked Questions | Anthem,https://www.anthembluecross.com/faq#JoinOurNetwork
Frequently Asked Questions | Anthem,https://www.anthembluecross.com/faq#AccessingHealthcare
Frequently Asked Questions | Anthem,https://www.anthembluecross.com/faq#LearnConnect
Frequently Asked Questions | Anthem,https://www.anthembluecross.com/faq#HealthGuides
Dental Provider Resources | Anthem,https://www.anthembluecross.com/provider/dental/
Virtual Care | Anthem Blue Cross,https://www.anthembluecross.com/virtual-care
Medicaid Insurance Plans | New York | Anthem,https://www.anthembluecross.com/ny/medicaid
Medicaid Insurance Plans | New York | Anthem,https://www.anthembluecross.com/ny/medicaid#JoinOurNetwork
Medicaid Insurance Plans | New York | Anthem,https://www.anthembluecross.com/ny/medicaid#Resources
Medicaid Insurance Plans | New York | Anthem,https://www.anthembluecross.com/ny/medicaid#Support
Medicaid Insurance Plans | New York | Anthem,https://www.anthembluecross.com/ny/medicaid#Communications
Medicaid Insurance Plans | New York | Anthem,https://www.anthembluecross.com/ny/medicaid#ProviderResources
Medicaid Insurance Plans | New York | Anthem,https://www.anthembluecross.com/ny/medicaid#PatientCare
Medicaid Insurance Plans | New York | Anthem,https://www.anthembluecross.com/ny/medicaid#Claims
Medicaid Insurance Plans | New York | Anthem,https://www.anthembluecross.com/ny/medicaid#MemberResources
Medicaid Insurance Plans | New York | Anthem,https://www.anthembluecross.com/ny/medicaid#UsingyourAnthemplan
Notices and Updates | Anthem,https://www.anthembluecross.com/blog/abcny/your-health-care/notices/
EXHIBIT 13b: NARRATIVE SUMMARY ,https://www.anthembluecross.com/content/dam/digital/docs/microsites/prior-approval/2024-empire-healthchoice-assurance-inc.pdf
"Providers | Tools, Resources & More | Anthem",https://www.anthembluecross.com/provider/
"Health Insurance, Medicare and More | Anthem",https://www.anthembluecross.com/#Support
"Health Insurance, Medicare and More | Anthem",https://www.anthembluecross.com/#Resources
"Health Insurance, Medicare and More | Anthem",https://www.anthembluecross.com/#Communications
"Health Insurance, Medicare and More | Anthem",https://www.anthembluecross.com/#ProviderResources
"Health Insurance, Medicare and More | Anthem",https://www.anthembluecross.com/#JoinOurNetwork
"Health Insurance, Medicare and More | Anthem",https://www.anthembluecross.com/#IndividualFamily
"Health Insurance, Medicare and More | Anthem",https://www.anthembluecross.com/#Claims
"Health Insurance, Medicare and More | Anthem",https://www.anthembluecross.com/#Medicare
"Health Insurance, Medicare and More | Anthem",https://www.anthembluecross.com/#PatientCare
"Health Insurance, Medicare and More | Anthem",https://www.anthembluecross.com/#HealthGuides
"Health Insurance, Medicare and More | Anthem",https://www.anthembluecross.com/#AccessingHealthcare
"Health Insurance, Medicare and More | Anthem",https://www.anthembluecross.com/#UsingYourAnthemPlan
"Health Insurance, Medicare and More | Anthem",https://www.anthembluecross.com/#MedicaidPlans
"Health Insurance, Medicare and More | Anthem",https://www.anthembluecross.com/#LearnConnect
"Health Insurance, Medicare and More | Anthem",https://www.anthembluecross.com/
"Health Insurance, Medicare and More | Anthem",https://www.anthembluecross.com/es
"Health Insurance, Medicare and More | Anthem",https://www.anthembluecross.com/es#Comunicaciones
"Health Insurance, Medicare and More | Anthem",https://www.anthembluecross.com/es#Individualyfamiliar
"Health Insurance, Medicare and More | Anthem",https://www.anthembluecross.com/es#Cuidadodepacientes
"Health Insurance, Medicare and More | Anthem",https://www.anthembluecross.com/es#Recursos
"Health Insurance, Medicare and More | Anthem",https://www.anthembluecross.com/es#Ayuda
"Health Insurance, Medicare and More | Anthem",https://www.anthembluecross.com/es#Recursosparaproveedores
"Health Insurance, Medicare and More | Anthem",https://www.anthembluecross.com/es#Reclamaciones
"Health Insurance, Medicare and More | Anthem",https://www.anthembluecross.com/es#neteanuestrared
"Health Insurance, Medicare and More | Anthem",https://www.anthembluecross.com/es#Medicare
"Health Insurance, Medicare and More | Anthem",https://www.anthembluecross.com/es#UsartuplandeAnthem
"Health Insurance, Medicare and More | Anthem",https://www.anthembluecross.com/es#Aprendeyconctate
"Health Insurance, Medicare and More | Anthem",https://www.anthembluecross.com/es#Guasdesalud
"Health Insurance, Medicare and More | Anthem",https://www.anthembluecross.com/es#Accesoalcuidadomdico
"Health Insurance, Medicare and More | Anthem",https://www.anthembluecross.com/es#PlanesdeMedicaid
Rate Filing,https://www.anthembluecross.com/mcr/ratefiling.html
New York Health Insurance Plans | Anthem,https://www.anthembluecross.com/ny/individual-and-family/health-insurance
New York Health Insurance Plans | Anthem,https://www.anthembluecross.com/ny/individual-and-family/health-insurance#UsingYourAnthemPlan
New York Health Insurance Plans | Anthem,https://www.anthembluecross.com/ny/individual-and-family/health-insurance#Support
New York Health Insurance Plans | Anthem,https://www.anthembluecross.com/ny/individual-and-family/health-insurance#Resources
New York Health Insurance Plans | Anthem,https://www.anthembluecross.com/ny/individual-and-family/health-insurance#MedicaidPlans
New York Health Insurance Plans | Anthem,https://www.anthembluecross.com/ny/individual-and-family/health-insurance#AccessingHealthcare
New York Health Insurance Plans | Anthem,https://www.anthembluecross.com/ny/individual-and-family/health-insurance#HealthGuides
New York Health Insurance Plans | Anthem,https://www.anthembluecross.com/ny/individual-and-family/health-insurance#Communications
New York Health Insurance Plans | Anthem,https://www.anthembluecross.com/ny/individual-and-family/health-insurance#ProviderResources
New York Health Insurance Plans | Anthem,https://www.anthembluecross.com/ny/individual-and-family/health-insurance#JoinOurNetwork
New York Health Insurance Plans | Anthem,https://www.anthembluecross.com/ny/individual-and-family/health-insurance#Medicare
New York Health Insurance Plans | Anthem,https://www.anthembluecross.com/ny/individual-and-family/health-insurance#LearnConnect
New York Health Insurance Plans | Anthem,https://www.anthembluecross.com/ny/individual-and-family/health-insurance#Claims
New York Health Insurance Plans | Anthem,https://www.anthembluecross.com/ny/individual-and-family/health-insurance#PatientCare
New York Health Insurance Plans | Anthem,https://www.anthembluecross.com/ny/individual-and-family/health-insurance#IndividualFamily
Chronic Special Needs Plans in New York | Anthem,https://www.anthembluecross.com/medicare/medicare-advantage-plans/special-needs-plans/chronic-special-needs-plans
Chronic Special Needs Plans in New York | Anthem,https://www.anthembluecross.com/medicare/medicare-advantage-plans/special-needs-plans/chronic-special-needs-plans#Communications
Chronic Special Needs Plans in New York | Anthem,https://www.anthembluecross.com/medicare/medicare-advantage-plans/special-needs-plans/chronic-special-needs-plans#ProviderResources
Chronic Special Needs Plans in New York | Anthem,https://www.anthembluecross.com/medicare/medicare-advantage-plans/special-needs-plans/chronic-special-needs-plans#Support
Chronic Special Needs Plans in New York | Anthem,https://www.anthembluecross.com/medicare/medicare-advantage-plans/special-needs-plans/chronic-special-needs-plans#Resources
Chronic Special Needs Plans in New York | Anthem,https://www.anthembluecross.com/medicare/medicare-advantage-plans/special-needs-plans/chronic-special-needs-plans#Claims
Chronic Special Needs Plans in New York | Anthem,https://www.anthembluecross.com/medicare/medicare-advantage-plans/special-needs-plans/chronic-special-needs-plans#PatientCare
Chronic Special Needs Plans in New York | Anthem,https://www.anthembluecross.com/medicare/medicare-advantage-plans/special-needs-plans/chronic-special-needs-plans#IndividualFamily
Chronic Special Needs Plans in New York | Anthem,https://www.anthembluecross.com/medicare/medicare-advantage-plans/special-needs-plans/chronic-special-needs-plans#MedicaidPlans
Chronic Special Needs Plans in New York | Anthem,https://www.anthembluecross.com/medicare/medicare-advantage-plans/special-needs-plans/chronic-special-needs-plans#AccessingHealthcare
Chronic Special Needs Plans in New York | Anthem,https://www.anthembluecross.com/medicare/medicare-advantage-plans/special-needs-plans/chronic-special-needs-plans#UsingYourAnthemPlan
Chronic Special Needs Plans in New York | Anthem,https://www.anthembluecross.com/medicare/medicare-advantage-plans/special-needs-plans/chronic-special-needs-plans#JoinOurNetwork
Chronic Special Needs Plans in New York | Anthem,https://www.anthembluecross.com/medicare/medicare-advantage-plans/special-needs-plans/chronic-special-needs-plans#Medicare
Chronic Special Needs Plans in New York | Anthem,https://www.anthembluecross.com/medicare/medicare-advantage-plans/special-needs-plans/chronic-special-needs-plans#LearnConnect
Chronic Special Needs Plans in New York | Anthem,https://www.anthembluecross.com/medicare/medicare-advantage-plans/special-needs-plans/chronic-special-needs-plans#HealthGuides
Medicaid Insurance Plans | New York | Anthem,https://www.anthembluecross.com/ny/medicaid#MemberSupport
Medicaid Insurance Plans | New York | Anthem,https://www.anthembluecross.com/ny/medicaid#HealthWellnessResources
Medicaid Insurance Plans | New York | Anthem,https://www.anthembluecross.com/ny/medicaid#MedicaidBenefits
Medicaid Insurance Plans | New York | Anthem,https://www.anthembluecross.com/ny/medicaid#
Medicaid Insurance Plans | New York | Anthem,https://www.anthembluecross.com/ny/medicaid#mainContent
Medicaid Insurance Plans | New York | Anthem,https://www.anthembluecross.com/ny/medicaid#ForEmployers
Medicaid Insurance Plans | New York | Anthem,https://www.anthembluecross.com/ny/medicaid#ForProducers
Medicaid Insurance Plans | New York | Anthem,https://www.anthembluecross.com/ny/medicaid#ForProviders
Producers and Brokers | Anthem,https://www.anthembluecross.com/es/producer
Producers and Brokers | Anthem,https://www.anthembluecross.com/es/producer#Ayuda
Producers and Brokers | Anthem,https://www.anthembluecross.com/es/producer#Recursos
Producers and Brokers | Anthem,https://www.anthembluecross.com/es/producer#Reclamaciones
Producers and Brokers | Anthem,https://www.anthembluecross.com/es/producer#UsartuplandeAnthem
Producers and Brokers | Anthem,https://www.anthembluecross.com/es/producer#Aprendeyconctate
Producers and Brokers | Anthem,https://www.anthembluecross.com/es/producer#Guasdesalud
Producers and Brokers | Anthem,https://www.anthembluecross.com/es/producer#Cuidadodepacientes
Producers and Brokers | Anthem,https://www.anthembluecross.com/es/producer#Medicare
Producers and Brokers | Anthem,https://www.anthembluecross.com/es/producer#PlanesdeMedicaid
Producers and Brokers | Anthem,https://www.anthembluecross.com/es/producer#Accesoalcuidadomdico
Producers and Brokers | Anthem,https://www.anthembluecross.com/es/producer#Comunicaciones
Producers and Brokers | Anthem,https://www.anthembluecross.com/es/producer#Recursosparaproveedores
Producers and Brokers | Anthem,https://www.anthembluecross.com/es/producer#neteanuestrared
Producers and Brokers | Anthem,https://www.anthembluecross.com/es/producer#Individualyfamiliar
Chronic Special Needs Plans in New York | Anthem,https://www.anthembluecross.com/es/medicare/medicare-advantage-plans/special-needs-plans/chronic-special-needs-plans
Chronic Special Needs Plans in New York | Anthem,https://www.anthembluecross.com/es/medicare/medicare-advantage-plans/special-needs-plans/chronic-special-needs-plans#Recursos
Chronic Special Needs Plans in New York | Anthem,https://www.anthembluecross.com/es/medicare/medicare-advantage-plans/special-needs-plans/chronic-special-needs-plans#Recursosparaproveedores
Chronic Special Needs Plans in New York | Anthem,https://www.anthembluecross.com/es/medicare/medicare-advantage-plans/special-needs-plans/chronic-special-needs-plans#neteanuestrared
Chronic Special Needs Plans in New York | Anthem,https://www.anthembluecross.com/es/medicare/medicare-advantage-plans/special-needs-plans/chronic-special-needs-plans#Individualyfamiliar
Chronic Special Needs Plans in New York | Anthem,https://www.anthembluecross.com/es/medicare/medicare-advantage-plans/special-needs-plans/chronic-special-needs-plans#PlanesdeMedicaid
Chronic Special Needs Plans in New York | Anthem,https://www.anthembluecross.com/es/medicare/medicare-advantage-plans/special-needs-plans/chronic-special-needs-plans#Accesoalcuidadomdico
Chronic Special Needs Plans in New York | Anthem,https://www.anthembluecross.com/es/medicare/medicare-advantage-plans/special-needs-plans/chronic-special-needs-plans#Ayuda
Chronic Special Needs Plans in New York | Anthem,https://www.anthembluecross.com/es/medicare/medicare-advantage-plans/special-needs-plans/chronic-special-needs-plans#Comunicaciones
Chronic Special Needs Plans in New York | Anthem,https://www.anthembluecross.com/es/medicare/medicare-advantage-plans/special-needs-plans/chronic-special-needs-plans#Reclamaciones
Chronic Special Needs Plans in New York | Anthem,https://www.anthembluecross.com/es/medicare/medicare-advantage-plans/special-needs-plans/chronic-special-needs-plans#Cuidadodepacientes
Chronic Special Needs Plans in New York | Anthem,https://www.anthembluecross.com/es/medicare/medicare-advantage-plans/special-needs-plans/chronic-special-needs-plans#Medicare
Chronic Special Needs Plans in New York | Anthem,https://www.anthembluecross.com/es/medicare/medicare-advantage-plans/special-needs-plans/chronic-special-needs-plans#UsartuplandeAnthem
Chronic Special Needs Plans in New York | Anthem,https://www.anthembluecross.com/es/medicare/medicare-advantage-plans/special-needs-plans/chronic-special-needs-plans#Aprendeyconctate
Chronic Special Needs Plans in New York | Anthem,https://www.anthembluecross.com/es/medicare/medicare-advantage-plans/special-needs-plans/chronic-special-needs-plans#Guasdesalud
Provider News and Newsletters | Anthem,https://www.anthembluecross.com/provider/news/
Join the All of Us Research Program | Anthem,https://www.anthembluecross.com/blog/abcny/living-healthy/all-of-us-research-program/
Products for Producers and Brokers | Anthem,https://www.anthembluecross.com/ny/producer/products
Products for Producers and Brokers | Anthem,https://www.anthembluecross.com/ny/producer/products#Resources
Products for Producers and Brokers | Anthem,https://www.anthembluecross.com/ny/producer/products#Support
Products for Producers and Brokers | Anthem,https://www.anthembluecross.com/ny/producer/products#Communications
Products for Producers and Brokers | Anthem,https://www.anthembluecross.com/ny/producer/products#ProviderResources
Products for Producers and Brokers | Anthem,https://www.anthembluecross.com/ny/producer/products#Claims
Products for Producers and Brokers | Anthem,https://www.anthembluecross.com/ny/producer/products#PatientCare
Products for Producers and Brokers | Anthem,https://www.anthembluecross.com/ny/producer/products#MedicaidPlans
Products for Producers and Brokers | Anthem,https://www.anthembluecross.com/ny/producer/products#JoinOurNetwork
Products for Producers and Brokers | Anthem,https://www.anthembluecross.com/ny/producer/products#IndividualFamily
Products for Producers and Brokers | Anthem,https://www.anthembluecross.com/ny/producer/products#Medicare
Products for Producers and Brokers | Anthem,https://www.anthembluecross.com/ny/producer/products#AccessingHealthcare
Products for Producers and Brokers | Anthem,https://www.anthembluecross.com/ny/producer/products#UsingYourAnthemPlan
Products for Producers and Brokers | Anthem,https://www.anthembluecross.com/ny/producer/products#LearnConnect
Products for Producers and Brokers | Anthem,https://www.anthembluecross.com/ny/producer/products#HealthGuides
Monkeypox What You Need to Know | Anthem,https://www.anthembluecross.com/blog/abcny/member-news/monkeypox-what-you-need-to-know/
Group Supplemental Health Insurance in NY | Anthem,https://www.anthembluecross.com/ny/employer/large-group-health-insurance/supplemental-health-insurance
Group Supplemental Health Insurance in NY | Anthem,https://www.anthembluecross.com/ny/employer/large-group-health-insurance/supplemental-health-insurance#Support
Group Supplemental Health Insurance in NY | Anthem,https://www.anthembluecross.com/ny/employer/large-group-health-insurance/supplemental-health-insurance#Resources
Group Supplemental Health Insurance in NY | Anthem,https://www.anthembluecross.com/ny/employer/large-group-health-insurance/supplemental-health-insurance#ProviderResources
Group Supplemental Health Insurance in NY | Anthem,https://www.anthembluecross.com/ny/employer/large-group-health-insurance/supplemental-health-insurance#Communications
Group Supplemental Health Insurance in NY | Anthem,https://www.anthembluecross.com/ny/employer/large-group-health-insurance/supplemental-health-insurance#Claims
Group Supplemental Health Insurance in NY | Anthem,https://www.anthembluecross.com/ny/employer/large-group-health-insurance/supplemental-health-insurance#PatientCare
Group Supplemental Health Insurance in NY | Anthem,https://www.anthembluecross.com/ny/employer/large-group-health-insurance/supplemental-health-insurance#IndividualFamily
Group Supplemental Health Insurance in NY | Anthem,https://www.anthembluecross.com/ny/employer/large-group-health-insurance/supplemental-health-insurance#MedicaidPlans
Group Supplemental Health Insurance in NY | Anthem,https://www.anthembluecross.com/ny/employer/large-group-health-insurance/supplemental-health-insurance#UsingYourAnthemPlan
Group Supplemental Health Insurance in NY | Anthem,https://www.anthembluecross.com/ny/employer/large-group-health-insurance/supplemental-health-insurance#HealthGuides
Group Supplemental Health Insurance in NY | Anthem,https://www.anthembluecross.com/ny/employer/large-group-health-insurance/supplemental-health-insurance#JoinOurNetwork
Group Supplemental Health Insurance in NY | Anthem,https://www.anthembluecross.com/ny/employer/large-group-health-insurance/supplemental-health-insurance#Medicare
Group Supplemental Health Insurance in NY | Anthem,https://www.anthembluecross.com/ny/employer/large-group-health-insurance/supplemental-health-insurance#AccessingHealthcare
Group Supplemental Health Insurance in NY | Anthem,https://www.anthembluecross.com/ny/employer/large-group-health-insurance/supplemental-health-insurance#LearnConnect
"Health Insurance, Medicare and More | Anthem",https://www.anthembluecross.com/#collapse-1527354117256-antlbl_0
"Health Insurance, Medicare and More | Anthem",https://www.anthembluecross.com/#essentials-program-resources
"Health Insurance, Medicare and More | Anthem",https://www.anthembluecross.com/#collapse-1527354117256-antlbl_2
"Health Insurance, Medicare and More | Anthem",https://www.anthembluecross.com/#ephc-program-resources
"Health Insurance, Medicare and More | Anthem",https://www.anthembluecross.com/#collapse-1527354117256-antlbl_1
"Health Insurance, Medicare and More | Anthem",https://www.anthembluecross.com/#collapse-1527354117256-antlbl_3
"Health Insurance, Medicare and More | Anthem",https://www.anthembluecross.com/#collapse-1527370444777-antlbl_5
"Health Insurance, Medicare and More | Anthem",https://www.anthembluecross.com/#collapse-1527370444777-antlbl_7
"Health Insurance, Medicare and More | Anthem",https://www.anthembluecross.com/#collapse-1527370444777-antlbl_4
"Health Insurance, Medicare and More | Anthem",https://www.anthembluecross.com/#collapse-1527370444777-antlbl_6
"Health Insurance, Medicare and More | Anthem",https://www.anthembluecross.com/#collapse-1527370444777-antlbl_8
"Health Insurance, Medicare and More | Anthem",https://www.anthembluecross.com/#collapse-1527370444777-antlbl_9
"Health Insurance, Medicare and More | Anthem",https://www.anthembluecross.com/#collapse-1527370444777-antlbl_11
"Health Insurance, Medicare and More | Anthem",https://www.anthembluecross.com/#collapse-1527370444777-antlbl_12
"Health Insurance, Medicare and More | Anthem",https://www.anthembluecross.com/#welcome-packet
"Health Insurance, Medicare and More | Anthem",https://www.anthembluecross.com/#collapse-1527370444777-antlbl_10
"Health Insurance, Medicare and More | Anthem",https://www.anthembluecross.com/#collapse-1527370444777-antlbl_0
"Health Insurance, Medicare and More | Anthem",https://www.anthembluecross.com/#collapse-1527370444777-antlbl_1
"Health Insurance, Medicare and More | Anthem",https://www.anthembluecross.com/#collapse-1527370444777-antlbl_2
"Health Insurance, Medicare and More | Anthem",https://www.anthembluecross.com/#collapse-1527370444777-antlbl_3
"Health Insurance, Medicare and More | Anthem",https://www.anthembluecross.com/#carelon-medical-benefits-management
"Health Insurance, Medicare and More | Anthem",https://www.anthembluecross.com/#collapse-1527331983628-antlbl_0
"Health Insurance, Medicare and More | Anthem",https://www.anthembluecross.com/#mcg
"Health Insurance, Medicare and More | Anthem",https://www.anthembluecross.com/#carelon-post-acute-solutions
"Health Insurance, Medicare and More | Anthem",https://www.anthembluecross.com/#collapse-1527505505549-antlbl_0
"Health Insurance, Medicare and More | Anthem",https://www.anthembluecross.com/#carelonrx
"Health Insurance, Medicare and More | Anthem",https://www.anthembluecross.com/#collapse-1527690758190-antlbl_6
"Health Insurance, Medicare and More | Anthem",https://www.anthembluecross.com/#provider-center
"Health Insurance, Medicare and More | Anthem",https://www.anthembluecross.com/#collapse-1527690758190-antlbl_7
"Health Insurance, Medicare and More | Anthem",https://www.anthembluecross.com/#collapse-1439475260212-antlbl_0
"Health Insurance, Medicare and More | Anthem",https://www.anthembluecross.com/#collapse-1527690809325-antlbl_0
"Health Insurance, Medicare and More | Anthem",https://www.anthembluecross.com/#caqh
"Health Insurance, Medicare and More | Anthem",https://www.anthembluecross.com/#collapse-1527690758190-antlbl_8
"Health Insurance, Medicare and More | Anthem",https://www.anthembluecross.com/#edi
"Health Insurance, Medicare and More | Anthem",https://www.anthembluecross.com/#collapse-1527690758190-antlbl_3
"Health Insurance, Medicare and More | Anthem",https://www.anthembluecross.com/#collapse-1527690758190-antlbl_5
"Health Insurance, Medicare and More | Anthem",https://www.anthembluecross.com/#collapse-1527698349340-antlbl_3
"Health Insurance, Medicare and More | Anthem",https://www.anthembluecross.com/#episode-based-payment
"Health Insurance, Medicare and More | Anthem",https://www.anthembluecross.com/#collapse-1527690758190-antlbl_1
"Health Insurance, Medicare and More | Anthem",https://www.anthembluecross.com/#collapse-1527690758190-antlbl_2
"Health Insurance, Medicare and More | Anthem",https://www.anthembluecross.com/#collapse-1527690758190-antlbl_4
"Health Insurance, Medicare and More | Anthem",https://www.anthembluecross.com/#quality-in-sights-hospital-incentive-program
"Health Insurance, Medicare and More | Anthem",https://www.anthembluecross.com/#collapse-1527690758190-antlbl_0
"Health Insurance, Medicare and More | Anthem",https://www.anthembluecross.com/#collapse-1527698349340-antlbl_2
"Health Insurance, Medicare and More | Anthem",https://www.anthembluecross.com/#collapse-1527698349340-antlbl_1
"Health Insurance, Medicare and More | Anthem",https://www.anthembluecross.com/#collapse-1527319478874-antlbl_0
"Health Insurance, Medicare and More | Anthem",https://www.anthembluecross.com/#online-requests
"Health Insurance, Medicare and More | Anthem",https://www.anthembluecross.com/#collapse-1527698349340-antlbl_0
"Health Insurance, Medicare and More | Anthem",https://www.anthembluecross.com/#InsurancePlans
"Health Insurance, Medicare and More | Anthem",https://www.anthembluecross.com/#HealthWellnessResources
"Health Insurance, Medicare and More | Anthem",https://www.anthembluecross.com/#MemberSupport
"Health Insurance, Medicare and More | Anthem",https://www.anthembluecross.com/#ForEmployers
"Health Insurance, Medicare and More | Anthem",https://www.anthembluecross.com/#mainContent
"Health Insurance, Medicare and More | Anthem",https://www.anthembluecross.com/#ForProducers
"Health Insurance, Medicare and More | Anthem",https://www.anthembluecross.com/#ForProviders
Frequently Asked Questions | Anthem,https://www.anthembluecross.com/faq#MemberSupport
Frequently Asked Questions | Anthem,https://www.anthembluecross.com/faq#HealthWellnessResources
Frequently Asked Questions | Anthem,https://www.anthembluecross.com/faq#InsurancePlans
Frequently Asked Questions | Anthem,https://www.anthembluecross.com/faq#ForProviders
Frequently Asked Questions | Anthem,https://www.anthembluecross.com/faq#
Frequently Asked Questions | Anthem,https://www.anthembluecross.com/faq#ForProducers
Frequently Asked Questions | Anthem,https://www.anthembluecross.com/faq#mainContent
Frequently Asked Questions | Anthem,https://www.anthembluecross.com/faq#ForEmployers
Group Medicare Plans for Retirees | Anthem,https://www.anthembluecross.com/employer/group-medicare-retiree-plans
Group Medicare Plans for Retirees | Anthem,https://www.anthembluecross.com/employer/group-medicare-retiree-plans#ProviderResources
Group Medicare Plans for Retirees | Anthem,https://www.anthembluecross.com/employer/group-medicare-retiree-plans#Support
Group Medicare Plans for Retirees | Anthem,https://www.anthembluecross.com/employer/group-medicare-retiree-plans#Resources
Group Medicare Plans for Retirees | Anthem,https://www.anthembluecross.com/employer/group-medicare-retiree-plans#Communications
Group Medicare Plans for Retirees | Anthem,https://www.anthembluecross.com/employer/group-medicare-retiree-plans#Claims
Group Medicare Plans for Retirees | Anthem,https://www.anthembluecross.com/employer/group-medicare-retiree-plans#JoinOurNetwork
Group Medicare Plans for Retirees | Anthem,https://www.anthembluecross.com/employer/group-medicare-retiree-plans#IndividualFamily
Group Medicare Plans for Retirees | Anthem,https://www.anthembluecross.com/employer/group-medicare-retiree-plans#PatientCare
Group Medicare Plans for Retirees | Anthem,https://www.anthembluecross.com/employer/group-medicare-retiree-plans#Medicare
Group Medicare Plans for Retirees | Anthem,https://www.anthembluecross.com/employer/group-medicare-retiree-plans#MedicaidPlans
Group Medicare Plans for Retirees | Anthem,https://www.anthembluecross.com/employer/group-medicare-retiree-plans#UsingYourAnthemPlan
Group Medicare Plans for Retirees | Anthem,https://www.anthembluecross.com/employer/group-medicare-retiree-plans#HealthGuides
Group Medicare Plans for Retirees | Anthem,https://www.anthembluecross.com/employer/group-medicare-retiree-plans#LearnConnect
Group Medicare Plans for Retirees | Anthem,https://www.anthembluecross.com/employer/group-medicare-retiree-plans#AccessingHealthcare
National Health Insurance Plans | Anthem,https://www.anthembluecross.com/employer/national-health-insurance-plans
National Health Insurance Plans | Anthem,https://www.anthembluecross.com/employer/national-health-insurance-plans#Communications
National Health Insurance Plans | Anthem,https://www.anthembluecross.com/employer/national-health-insurance-plans#Support
National Health Insurance Plans | Anthem,https://www.anthembluecross.com/employer/national-health-insurance-plans#PatientCare
National Health Insurance Plans | Anthem,https://www.anthembluecross.com/employer/national-health-insurance-plans#Resources
National Health Insurance Plans | Anthem,https://www.anthembluecross.com/employer/national-health-insurance-plans#ProviderResources
National Health Insurance Plans | Anthem,https://www.anthembluecross.com/employer/national-health-insurance-plans#Claims
National Health Insurance Plans | Anthem,https://www.anthembluecross.com/employer/national-health-insurance-plans#JoinOurNetwork
National Health Insurance Plans | Anthem,https://www.anthembluecross.com/employer/national-health-insurance-plans#IndividualFamily
National Health Insurance Plans | Anthem,https://www.anthembluecross.com/employer/national-health-insurance-plans#MedicaidPlans
National Health Insurance Plans | Anthem,https://www.anthembluecross.com/employer/national-health-insurance-plans#UsingYourAnthemPlan
National Health Insurance Plans | Anthem,https://www.anthembluecross.com/employer/national-health-insurance-plans#Medicare
National Health Insurance Plans | Anthem,https://www.anthembluecross.com/employer/national-health-insurance-plans#AccessingHealthcare
National Health Insurance Plans | Anthem,https://www.anthembluecross.com/employer/national-health-insurance-plans#LearnConnect
National Health Insurance Plans | Anthem,https://www.anthembluecross.com/employer/national-health-insurance-plans#HealthGuides
"Health Insurance, Medicare and More | Anthem",https://www.anthembluecross.com/es#Apoyoparamiembros
"Health Insurance, Medicare and More | Anthem",https://www.anthembluecross.com/es#Recursosdesaludybienestar
"Health Insurance, Medicare and More | Anthem",https://www.anthembluecross.com/es#Planesdeseguro
"Health Insurance, Medicare and More | Anthem",https://www.anthembluecross.com/es#Paraproveedores
"Health Insurance, Medicare and More | Anthem",https://www.anthembluecross.com/es#
"Health Insurance, Medicare and More | Anthem",https://www.anthembluecross.com/es#Paraproductores
"Health Insurance, Medicare and More | Anthem",https://www.anthembluecross.com/es#mainContent
"Health Insurance, Medicare and More | Anthem",https://www.anthembluecross.com/es#Paraempleadores
Group Medical Insurance | Anthem,https://www.anthembluecross.com/employer/large-group-health-insurance/medical-insurance
Group Medical Insurance | Anthem,https://www.anthembluecross.com/employer/large-group-health-insurance/medical-insurance#Resources
Group Medical Insurance | Anthem,https://www.anthembluecross.com/employer/large-group-health-insurance/medical-insurance#Support
Group Medical Insurance | Anthem,https://www.anthembluecross.com/employer/large-group-health-insurance/medical-insurance#JoinOurNetwork
Group Medical Insurance | Anthem,https://www.anthembluecross.com/employer/large-group-health-insurance/medical-insurance#IndividualFamily
Group Medical Insurance | Anthem,https://www.anthembluecross.com/employer/large-group-health-insurance/medical-insurance#Medicare
Group Medical Insurance | Anthem,https://www.anthembluecross.com/employer/large-group-health-insurance/medical-insurance#Claims
Group Medical Insurance | Anthem,https://www.anthembluecross.com/employer/large-group-health-insurance/medical-insurance#PatientCare
Group Medical Insurance | Anthem,https://www.anthembluecross.com/employer/large-group-health-insurance/medical-insurance#UsingYourAnthemPlan
Group Medical Insurance | Anthem,https://www.anthembluecross.com/employer/large-group-health-insurance/medical-insurance#Communications
Group Medical Insurance | Anthem,https://www.anthembluecross.com/employer/large-group-health-insurance/medical-insurance#ProviderResources
Group Medical Insurance | Anthem,https://www.anthembluecross.com/employer/large-group-health-insurance/medical-insurance#MedicaidPlans
Group Medical Insurance | Anthem,https://www.anthembluecross.com/employer/large-group-health-insurance/medical-insurance#AccessingHealthcare
Group Medical Insurance | Anthem,https://www.anthembluecross.com/employer/large-group-health-insurance/medical-insurance#LearnConnect
Group Medical Insurance | Anthem,https://www.anthembluecross.com/employer/large-group-health-insurance/medical-insurance#HealthGuides
Group Medical Insurance in New York | Anthem,https://www.anthembluecross.com/ny/employer/large-group-health-insurance/medical-insurance
Group Medical Insurance in New York | Anthem,https://www.anthembluecross.com/ny/employer/large-group-health-insurance/medical-insurance#Support
Group Medical Insurance in New York | Anthem,https://www.anthembluecross.com/ny/employer/large-group-health-insurance/medical-insurance#Medicare
Group Medical Insurance in New York | Anthem,https://www.anthembluecross.com/ny/employer/large-group-health-insurance/medical-insurance#Resources
Group Medical Insurance in New York | Anthem,https://www.anthembluecross.com/ny/employer/large-group-health-insurance/medical-insurance#Claims
Group Medical Insurance in New York | Anthem,https://www.anthembluecross.com/ny/employer/large-group-health-insurance/medical-insurance#PatientCare
Group Medical Insurance in New York | Anthem,https://www.anthembluecross.com/ny/employer/large-group-health-insurance/medical-insurance#JoinOurNetwork
Group Medical Insurance in New York | Anthem,https://www.anthembluecross.com/ny/employer/large-group-health-insurance/medical-insurance#IndividualFamily
Group Medical Insurance in New York | Anthem,https://www.anthembluecross.com/ny/employer/large-group-health-insurance/medical-insurance#Communications
Group Medical Insurance in New York | Anthem,https://www.anthembluecross.com/ny/employer/large-group-health-insurance/medical-insurance#ProviderResources
Group Medical Insurance in New York | Anthem,https://www.anthembluecross.com/ny/employer/large-group-health-insurance/medical-insurance#UsingYourAnthemPlan
Group Medical Insurance in New York | Anthem,https://www.anthembluecross.com/ny/employer/large-group-health-insurance/medical-insurance#LearnConnect
Group Medical Insurance in New York | Anthem,https://www.anthembluecross.com/ny/employer/large-group-health-insurance/medical-insurance#MedicaidPlans
Group Medical Insurance in New York | Anthem,https://www.anthembluecross.com/ny/employer/large-group-health-insurance/medical-insurance#AccessingHealthcare
Group Medical Insurance in New York | Anthem,https://www.anthembluecross.com/ny/employer/large-group-health-insurance/medical-insurance#HealthGuides
Manual Para Miembros New York Medicaid,https://www.anthembluecross.com/content/dam/digital/docs/anthembluecross/medicaid/new-york/member-handbook-new-york-medicaid-spanish.pdf
Microsoft Word - 2023 Dental QDP Rate Justification - NYEBC(BS) SG.docx,https://www.anthembluecross.com/content/dam/anthem/us/global/pdf/2023_QDP_NY_G1921_SG_RateJustification.pdf
Microsoft Word - 2023 Dental QDP Rate Justification - NYEBC(BS).docx,https://www.anthembluecross.com/content/dam/anthem/us/global/pdf/i-f-2023-qdp-qhp/2023_QDP_NY_G1921_Ind_RateJustification.pdf
Member Handbook New York Medicaid,https://www.anthembluecross.com/content/dam/digital/docs/anthembluecross/medicaid/new-york/member-handbook-new-york-medicaid-english.pdf
Member Handbook New York Health and Recovery Plan (HARP),https://www.anthembluecross.com/content/dam/digital/docs/anthembluecross/medicaid/new-york/member-handbook-health-and-recovery-plan-english.pdf
Microsoft Word - 20220510NY44113SGOnOffQHPRateJustification.docx,https://www.anthembluecross.com/content/dam/anthem/us/global/pdf/2023_NY_G1921_SG_RateJustification.pdf
Manual Para Miembros,https://www.anthembluecross.com/content/dam/digital/docs/anthembluecross/medicaid/new-york/member-handbook-health-and-recovery-plan-spanish.pdf
NYBCBS-CDCRCM-26123-23-CPN25245 EXPRESS Roster Automation Rules of Engagement FINAL.pdf,https://www.anthembluecross.com/docs/public/inline/NY_CAID_RosterAutomationRulesEngagement.pdf
Provider FAQ,https://www.anthembluecross.com/docs/public/inline/Augmented-Intelligence-Dental-Claims-NY.pdf
Interactive Care Reviewer (ICR),https://www.anthembluecross.com/docs/public/inline/EBCCARE-0661-21.pdf
Virtual Care | Anthem Blue Cross,https://www.anthembluecross.com/virtual-care#mainContent
EBCCARE-0710-21-EBSCRNU-0205-21 2022 MPL NL for GRS_FINAL CORE_v2.pdf,https://www.anthembluecross.com/da/inline/pdf/ebccare-0710-21.pdf
CPN-G-CD-020771-23-CPN20771 2023 Clinical Practice Guidelines CMAP.docx,https://www.anthembluecross.com/docs/public/inline/SHARED_NY.pdf
Dental Dispatch,https://www.anthembluecross.com/docs/public/inline/ANT-NY_Dental-23.pdf
Teledentistry Claims Empire BCBS - Provider Communication.pdf,https://www.anthembluecross.com/docs/public/inline/P_DENT_00346.pdf
Victor DeStefano Named President of Empire BlueCross BlueShield and Empire BlueCross,https://www.anthembluecross.com/press/newyork/victor-destefano-named-president-of-empire/
Victor DeStefano Named Interim President of Empire BlueCross BlueShield and Empire BlueCross,https://www.anthembluecross.com/press/newyork/victor-destefano-named-interim-president-of-empire-bluecross-blueshield-and-empire-bluecross/
NYBCBS-CDCRCM-045421-23 NY NHCN Network Manager Roster Update_FINAL.pdf,https://www.anthembluecross.com/docs/inline/NYBCBS-CDCRCM-038237-23.pdf
Empire BlueCross BlueShield and Empire BlueCross to Become Anthem Blue Cross and Blue Shield and Anthem Blue Cross,https://www.anthembluecross.com/press/newyork/empire-to-become-anthem/
Empire BlueCross BlueShield and Northwell Health Finalize Renewed Multi-Year Agreement Offering New Yorkers Enhanced Access and New Programs,https://www.anthembluecross.com/press/newyork/northwell-2022/
Empire BlueCross BlueShield y Empire BlueCross se llamará Anthem Blue Cross y Blue Shield y Anthem Blue Cross,https://www.anthembluecross.com/press/newyork/empire-to-become-anthem-spanish/
Empire BlueCross BlueShield Opens the Company’s New Midtown Headquarters,https://www.anthembluecross.com/press/newyork/opening-at-penn1/
Empire BlueCross BlueShield Announces Four New Partnerships to Address Behavioral Healthcare Needs in New York,https://www.anthembluecross.com/press/newyork/behavioral-health-2022/
"Empire BlueCross BlueShield Joins Crain's New York Business for the 2nd Year to Name 25 ""Whole Health Heroes""",https://www.anthembluecross.com/press/newyork/empire-whole-health-heroes-2021/
New York Liberty Announce Multi-Year Deal with Empire BlueCross BlueShield to Address Health Inequities and Social Justice,https://www.anthembluecross.com/press/newyork/nyliberty/
Empire BlueCross BlueShield and Stony Brook Medicine Announce New Multi-Year Contract,https://www.anthembluecross.com/press/newyork/empire-bluecross-blueshield-and-stony-brook-medicine-announce-new-multi-year-contract/
Empire BlueCross BlueShield and Mount Sinai Health System Reach a New Multi-Year Agreement Focusing on Delivering Care through New Models to Lower Costs and Increase Value for New Yorkers,https://www.anthembluecross.com/press/newyork/mountsinai-2021/
"Empire BlueCross BlueShield and Crain's New York Business Award 25 ""Whole Health Heroes""",https://www.anthembluecross.com/press/newyork/empirewhh2021/
Microsoft Word - Domestic violence_Member Info.docx,https://www.anthembluecross.com/docs/inline/pw_e196685.pdf
Empire BlueCross BlueShield and Crain’s New York Business Award 25 “Whole Health Heroes”,https://www.anthembluecross.com/press/newyork/empirewhh2022/
Blog: Empire Associate Spotlight: Veteran's Day,https://www.anthembluecross.com/press/newyork/veteransdayblog2021/
Catholic Health and Empire Partner to Lower Healthcare Costs by Connecting Quality to Payment,https://www.anthembluecross.com/press/newyork/catholic-health-and-empire-partner-to-lower-healthcare-costs-by-connecting-quality-to-payment/
Empire BlueCross BlueShield and Montefiore Health System’s New Agreement Focuses on Improving Community Health,https://www.anthembluecross.com/press/newyork/montefiore-2021/
Empire BlueCross BlueShield and its Foundation Mobilize to Tackle Food Insecurity for Hunger Action Month During the Company’s Annual Volunteer Days,https://www.anthembluecross.com/press/newyork/ebcbs-hunger-action-month-2021/
"Empire BlueCross BlueShield and Crain's New York Business Award 50 ""Whole Health Heroes""",https://www.anthembluecross.com/press/newyork/empirewhh2020/
Empire BlueCross and its Associates Give Back to the Capital Region with Several Volunteer Days Events and a Grant Focused on Tackling Food Insecurity,https://www.anthembluecross.com/press/newyork/ebc-hunger-action-month-2021/
EPHC_Assoc_in_Family_Medicine_Case_Study_EBCBS_03_18.pdf,https://www.anthembluecross.com/docs/public/inline/NY_EPHC_0002.pdf
Blog: Empire Associate Spotlight: PRIDE Month,https://www.anthembluecross.com/press/newyork/pridemonthblog2021/
Pageflex Server [document: PF19041508_00001],https://www.anthembluecross.com/docs/public/inline/NY_EPHC_0001.pdf
New Study Finds Two-Thirds of New Yorkers Believe Their Community Is Facing Health Issues Due to External Factors,https://www.anthembluecross.com/press/newyork/whatsdrivingourhealth/
Blog: Empire Associate Spotlight: Black History Month,https://www.anthembluecross.com/press/newyork/blackhistorymonthblog2021/
Empire BlueCross Named a Top Workplace in the Capital Region for the Third Year in a Row,https://www.anthembluecross.com/press/newyork/empire-bluecross-named-top-workplace-in-the-capital-region-for-the-third-year/
Empire BlueCross Named a Top Workplace in the Capital Region for the Second Year in a Row,https://www.anthembluecross.com/press/newyork/times-union-top-workplaces-2022/
Regional Food Bank of Northeastern New York Receives $450K Grant from Empire BlueCross Foundation as Part of 'Food as Medicine' Initiative,https://www.anthembluecross.com/press/newyork/regional-food-bank-of-northeastern-new-york-receives-450k-grant-from-empire-bluecross-foundation/
"Meet Tenile Lanzetta, Operations Expert with Empire",https://www.anthembluecross.com/press/newyork/meet-tenile-lanzetta-operations-expert-with-empire/
Statement: Empire BlueCross BlueShield and NewYork-Presbyterian Finalize New Agreement,https://www.anthembluecross.com/press/newyork/empire-and-nyp-finalize-new-agreement/
Empire BlueCross Named a Best Place to Work in the Capital Region,https://www.anthembluecross.com/press/newyork/abr-best-places-to-work-2022/
Empire BlueCross BlueShield Named One of Crain’s 2022 Best Places to Work in NYC,https://www.anthembluecross.com/press/newyork/crains-best-places-to-work-nyc-2022/
Empire BlueCross BlueShield Named One of Crain’s 2021 Best Places to Work in NYC,https://www.anthembluecross.com/press/newyork/crains-best-places-to-work-nyc-2021/
Empire BlueCross Named a Best Place to Work in the Capital Region,https://www.anthembluecross.com/press/newyork/albany-best-places-to-work-2021/
"Meet Jazmin Corres, Grievance/Appeals Analyst with Empire",https://www.anthembluecross.com/press/newyork/meet-jazmin-corres-grievance-appeals-analyst-with-empire/
"Episcopal Health Services Received $75,000 Grant From New York's Empire BlueCross BlueShield Foundation for Postpartum Doula Care",https://www.anthembluecross.com/press/newyork/episcopal-health-services-receives-grant-from-empire-bluecross-blueshield-foundation-for-postpartum-doula-care/
"Meet Mara Kahl, Customer Service Representative III with Empire",https://www.anthembluecross.com/press/newyork/meet-mara-kahl-customer-service-rep-with-empire/
"Meet Jacqueline Tootle, Grievances and Appeals Senior Analyst with Empire",https://www.anthembluecross.com/press/newyork/meet-jacqueline-tootle-grievances-and-appeals-senior-analyst-with-empire/
Blog: Empire Associate Spotlight: Hispanic Heritage Month,https://www.anthembluecross.com/press/newyork/hispanicheritagemonthblog2021/
Empire BlueCross BlueShield Named One of Crain’s 2023 Best Places to Work in NYC,https://www.anthembluecross.com/press/newyork/empire-bluecross-blueshield-named-one-of-crains-2023-best-places-to-work-in-nyc/
Empire BlueCross BlueShield Named a Top Workplace in New York City for the Second Year in a Row,https://www.anthembluecross.com/press/newyork/amny-top-workplaces-2022/
Empire BlueCross Named a Top Workplace in the Capital Region,https://www.anthembluecross.com/press/newyork/times-union-top-workplaces-2021/
Blog: Empire Associate Spotlight: Asian American and Pacific Islander Heritage Month,https://www.anthembluecross.com/press/newyork/aapiheritagemonthblog2021/
Blog: Empire Associate Spotlight: Women’s History Month,https://www.anthembluecross.com/press/newyork/womenshistorymonthblog2021/
Products for Producers and Brokers | Anthem,https://www.anthembluecross.com/ny/producer/products#MemberSupport
Products for Producers and Brokers | Anthem,https://www.anthembluecross.com/ny/producer/products#HealthWellnessResources
Products for Producers and Brokers | Anthem,https://www.anthembluecross.com/ny/producer/products#ForProviders
Products for Producers and Brokers | Anthem,https://www.anthembluecross.com/ny/producer/products#
Products for Producers and Brokers | Anthem,https://www.anthembluecross.com/ny/producer/products#InsurancePlans
Products for Producers and Brokers | Anthem,https://www.anthembluecross.com/ny/producer/products#ForEmployers
Products for Producers and Brokers | Anthem,https://www.anthembluecross.com/ny/producer/products#ForProducers
